Workbook

Sheet Обобщена КС
A1: Възложител: Община Хисаря
A3: ОБЕКТ: Градски минерален и развлекателно рекреационен комплекс, находящ се в УПИ IX-1161, кв. 97 по плана на гр. Хисаря,Община Хисаря, Област Пловдив, ПИ 77270.504.1161 по КККР на гр. Хисаря
A5: ОБОБЩЕНА КОЛИЧЕСТВЕНА СМЕТКА
B9: Част: АС
A11: № | B11: ВИДОВЕ СМР | C11: един. мярка | D11: количество общо
A12: Част: Разрушаване на съществуващи постройки, басейни и други
A14: 1 | B14: Разрушаване на сгради и басейни с багер-чук - бетонови плочи, греди, стени, колони, основи | C14: м3 | D14: 962.8
A15: 2 | B15: Разрушаване на сгради и огради с верижен багер - тухлени стени, дървени покривни констр. и др. | C15: м3 | D15: 167.45
A16: 3 | B16: Разрушавене на съществуващи бетонови плочници с багер | C16: м2 | D16: 1158
A17: 4 | B17: Натоварване строителни отпадъци и транспорт на депо, включително такса депониране | C17: м3 | D17: 1362
A19: Б. Нови СМР
B20: I. Сграда
B21: ПОМЕЩЕНИЯ НА КОТА + 0,00
A22: 1 | B22: Възглавница от отсевки | C22: м3 | D22: ='Подробна КС -част АС'!H26 -> 96.322965
A23: 2 | B23: Топлоизолация от XPS с d = 5см | C23: м2 | D23: ='Подробна КС -част АС'!H31 -> 642.1531
A24: 3 | B24: Полиетиленово фолио | C24: м2 | D24: ='Подробна КС -част АС'!H33 -> 642.1531
A25: 4 | B25: Тухлена зидария от тухли Poroterm с d = 25см | C25: м3 | D25: ='Подробна КС -част АС'!H64 -> 123.66563
A26: 5 | B26: Тухлена зидария с тухли Poroterm с d = 12см | C26: м2 | D26: ='Подробна КС -част АС'!H116 -> 430.7895
A27: 6 | B27: Щендерна стена от панели Aquapanel - около парна баня и технич.помещ. | C27: м2 | D27: ='Подробна КС -част АС'!H124 -> 42.34
A28: 7 | B28: Тухлена зидария с d = 8 см | C28: м2 | D28: ='Подробна КС -част АС'!H130 -> 19.275
A29: 8 | B29: Конструкция от влагоустойчив гипскартон с d = 5см - инсталационни пакети в санитар.помещения | C29: м2 | D29: ='Подробна КС -част АС'!H134 -> 3.9
A30: 9 | B30: Преградни стени от HPL с d = 2см за WC "мъже" и WC "жени", вкл. врати 80/200 - общо 10 броя | C30: м2 | D30: ='Подробна КС -част АС'!H140 -> 42.6
A31: 10 | B31: Вътрешна мазилка по стени | C31: м2 | D31: ='Подробна КС -част АС'!H250 -> 1468.339
A32: 11 | B32: Вътрешна мазилка по тавани | C32: м2 | D32: ='Подробна КС -част АС'!H286 -> 386.8618
A33: 11а | B33: Вътрешна мазилка по таван на парна баня - с извита форма или подходящ наклон, за сигуряване на отвеждането на конденза | C33: м2 | D33: 10.23
A34: 12 | B34: Окачен таван от гипскартон с височина 20см от долен ръб ст.бетонна плоча - частично в зала за консумация - заведение | C34: м2 | D34: ='Подробна КС -част АС'!H295 -> 42.9237
A35: 13 | B35: Окачен таван от гипскартон с височина 70см от долен ръб ст.бетонна плоча - частично в зала за консумация - заведение | C35: м2 | D35: ='Подробна КС -част АС'!H301 -> 53.2605
A36: 14 | B36: Окачен таван от влагоустойчив гипскартон | C36: м2 | D36: ='Подробна КС -част АС'!H307 -> 25.54
A37: 15 | B37: Фаянс по стени | C37: м2 | D37: ='Подробна КС -част АС'!H362 -> 388.646
A38: 16 | B38: Грундиране по стени и тавани | C38: м2 | D38: ='Подробна КС -част АС'!H364 -> 1598.509
A39: 17 | B39: Боядисване с влагоустойчив латекс по тавани | C39: м2 | D39: ='Подробна КС -част АС'!H377 -> 72.34
A40: 18 | B40: Боядисване с интериорен акрилатен латекс ( Клас 1) | C40: м2 | D40: ='Подробна КС -част АС'!H393 -> 74.608
A41: 19 | B41: Боядисвене с латекс по стени и тавани | C41: м2 | D41: ='Подробна КС -част АС'!H395 -> 1451.561
A42: 20 | B42: Циментова замазка по подове с d=5см | C42: м2 | D42: ='Подробна КС -част АС'!H433 -> 519.43
A43: 21 | B43: Настилка от гранитогрес | C43: м2 | D43: ='Подробна КС -част АС'!H463 -> 424.1
A44: 22 | B44: Настилка от антистрип гранитогрес | C44: м2 | D44: ='Подробна КС -част АС'!H470 -> 54.99
A45: 23 | B45: Направа на проходен отвор на височ. 100мм от к.г.п. в стена и монтаж на декоративна решетка 200/100мм за осигур.приток на свеж въздух от общото помещение - за сауните | C45: бр | D45: ='Подробна КС -част АС'!H472 -> 2
A46: 24 | B46: Подсигуряване на вентилационна фуга с минимална височина 20мм под крилото на вратата на сауните | C46: бр | D46: ='Подробна КС -част АС'!H474 -> 2
B48: Обработка на дилтационна фуга :
A49: 1 | B49: Монтаж полистирол с d = 5 см във фугата | C49: м | D49: ='Подробна КС -част АС'!H477 -> 8.99
A50: 2 | B50: Въже Weber.sis от полиетиленова пяна | C50: м | D50: ='Подробна КС -част АС'!H479 -> 8.99
A51: 3 | B51: Еластично лепило за плочки Weber.хerm 858 (Dietermann KM flex) или Weber.соl Екстра флекс | C51: м | D51: ='Подробна КС -част АС'!H481 -> 8.99
A52: 4 | B52: Еластична фугираща смес Weber.fug 877 (Cerinol flex) или Weber.color Перфект | C52: м | D52: ='Подробна КС -част АС'!H483 -> 8.99
A53: 5 | B53: Санитарен силикон Weber.fug 880 (Plastikol FDS ) | C53: м | D53: ='Подробна КС -част АС'!H485 -> 8.99
B55: ПОМЕЩЕНИЯ НА КОТА + 3,45
A56: 1 | B56: Тухлена зидария от тухли Poroterm с d = 25см | C56: м3 | D56: ='Подробна КС -част АС'!H509 -> 114.7225
A57: 2 | B57: Тухлена зидария от тухли Poroterm с d = 12см | C57: м2 | D57: ='Подробна КС -част АС'!H529 -> 241.665
A58: 3 | B58: Тухлена зидария с d = 8см | C58: м2 | D58: ='Подробна КС -част АС'!H535 -> 6.285
A59: 4 | B59: Направа на конструкция от влагоустойчив гипскартон с d = 5см - инсталационни пакети в санитар.помещения | C59: м2 | D59: ='Подробна КС -част АС'!H546 -> 22.7825
A60: 5 | B60: Преградни стени от HPL с d = 2см за душове | C60: м2 | D60: ='Подробна КС -част АС'!H558 -> 59.88
A61: 6 | B61: Вътрешна мазилка по стени | C61: м2 | D61: ='Подробна КС -част АС'!H643 -> 998.383
A62: 7 | B62: Вътрешна мазилка по тавани | C62: м2 | D62: ='Подробна КС -част АС'!H661 -> 478.265
A63: 8 | B63: Окачен таван от гипскартон с височина 50 см от долен ръб ст.бетонна плоча - частично в помещения | C63: м2 | D63: ='Подробна КС -част АС'!H668 -> 43.64
A64: 9 | B64: Окачен таван от влагоустойчив гипскартон | C64: м2 | D64: ='Подробна КС -част АС'!H680 -> 58.86
A65: 10 | B65: Фаянс по стени | C65: м2 | D65: ='Подробна КС -част АС'!H703 -> 188.496
A66: 11 | B66: Шпахловка и грундиране по стени и тавани | C66: м2 | D66: ='Подробна КС -част АС'!H705 -> 1390.652
A67: 12 | B67: Боядисване с влагоустойчив латекс по тавани | C67: м2 | D67: ='Подробна КС -част АС'!H720 -> 63.34
A68: 13 | B68: Боядисвене с латекс по стени и тавани | C68: м2 | D68: ='Подробна КС -част АС'!H722 -> 1327.312
A69: 14 | B69: Циментова замазка по подове с d=5см | C69: м2 | D69: ='Подробна КС -част АС'!H724 -> 603.96
A70: 15 | B70: Настилка от гранитогрес | C70: м2 | D70: ='Подробна КС -част АС'!H746 -> 355.63
A71: 16 | B71: Настилка от антистрип гранитогрес - Входна зона | C71: м2 | D71: ='Подробна КС -част АС'!H748 -> 33.67
A72: 17 | B72: Полагане на винилова спортна настилка върху гладка замазка в зала за групови тренировки | C72: м2 | D72: ='Подробна КС -част АС'!H750 -> 103.3
A73: 18 | B73: Полагане на EPDM гумена настилка на рула за фитнес-зала - почистване на основата, изравняване, подсушаване и залепване с полиуретаново лепило | C73: м2 | D73: ='Подробна КС -част АС'!H752 -> 98.91
A74: 19 | B74: Монтаж на первази над гумена настилка във фитнес залата | C74: м | D74: ='Подробна КС -част АС'!H758 -> 43.32
B76: Обработка на дилтационна фуга :
A77: 1 | B77: Монтаж полистирол с d = 5 см във фугата | C77: м | D77: ='Подробна КС -част АС'!H761 -> 8.99
A78: 2 | B78: Въже Weber.sis от полиетиленова пяна | C78: м | D78: ='Подробна КС -част АС'!H763 -> 8.99
A79: 3 | B79: Еластично лепило за плочки Weber.хerm 858 (Dietermann KM flex) или Weber.соl Екстра флекс | C79: м | D79: ='Подробна КС -част АС'!H765 -> 8.99
A80: 4 | B80: Еластична фугираща смес Weber.fug 877 (Cerinol flex) или Weber.color Перфект | C80: м | D80: ='Подробна КС -част АС'!H767 -> 8.99
A81: 5 | B81: Санитарен силикон Weber.fug 880 (Plastikol FDS ) | C81: м | D81: ='Подробна КС -част АС'!H769 -> 8.99
B83: ДОГРАМА ЗА СГРАДАТА :
A84: 1 | B84: Доставка и монтаж на PVC дограма - цвят антрацит - прозорци и витрини | C84: м2 | D84: ='Подробна КС -част АС'!H787 -> 315.6
B85: Доставка и монтаж на дограма - врати
A86: 2 | B86: - врата единична 100/200 -лява - склад, техн.помещение | C86: бр | D86: 4
A87: 3 | B87: - врата единична интериорна 80/200 лява | C87: бр | D87: 16
A88: 4 | B88: - врата единична интериорна 80/200 дясна | C88: бр | D88: 10
A89: 5 | B89: - врата единична интериорна 90/200 лява | C89: бр | D89: 6
A90: 6 | B90: - врата единична интериорна 90/200 дясна | C90: бр | D90: 12
A91: 7 | B91: - двойна врата остъклена 180/210 - вътр.вход бистро, вътр.басейн, фитнес | C91: бр | D91: 3
A92: 8 | B92: - двойна врата 220/220- метална - техн.помещение | C92: бр | D92: 1
A93: 9 | B93: Доставка и монтаж на подпрозоречни дъски, оборудвани със странични алуминиеви бордове, кант за монтаж към дограмата, уплътнителна лента , водооткапващ кант и анкериращи държачи | C93: м | D93: ='Подробна КС -част АС'!H807 -> 135.75
B95: ФАСАДА :
A96: 1 | B96: Топлоизолационна система с експандиран полистирен EPS с d= 100 мм, и коефициент на топлопроводност върху външни стени, вкл.лепилен слой , шпахловка, укрепваща мрежа и дюбелиране | C96: м2 | D96: ='Подробна КС -част АС'!H846 -> 916.628
A97: 2 | B97: Обръщане на фасадна дограма с ХPS 3см, вкл. укрепваща мрежа, дюбелиране и шпахловка | C97: м | D97: ='Подробна КС -част АС'!H861 -> 476.9
A98: 3 | B98: Монтаж на ПВЦ ъглов профил по ръбове страници дограма отвън | C98: м | D98: ='Подробна КС -част АС'!H863 -> 476.9
A99: 4 | B99: Доставка и монтаж на водооткапващ профил | C99: м | D99: ='Подробна КС -част АС'!H877 -> 149.65
A100: 5 | B100: Топлоизолационна система с екструдиран полистирен ХPS с d= 120 мм, вкл.лепилен слой , шпахловка, укрепваща мрежа и дюбелиране - по еркери | C100: м2 | D100: ='Подробна КС -част АС'!H879 -> 18.241
A101: 6 | B101: Силиконова мазилка по фасади , вкл.грундиране | C101: м2 | D101: ='Подробна КС -част АС'!H881 -> 1104.177
A102: 7 | B102: Силиконова мазилка по страници прозорци, вкл.грундиране | C102: м | D102: ='Подробна КС -част АС'!H883 -> 476.9
A103: 8 | B103: Облицовка еталбонд - цвят антрацит | C103: м2 | D103: ='Подробна КС -част АС'!H893 -> 77.64
A104: 9 | B104: Доставка и монтаж на окачена фасада АL профил - цвят антрацит, съгл.схеми и арх. детайли | C104: м2 | D104: ='Подробна КС -част АС'!H903 -> 362.78
A105: 10 | B105: Жалузи Аl профил - цвят антрацит | C105: м2 | D105: ='Подробна КС -част АС'!H909 -> 113.4154
A106: 11 | B106: Елемент с облицовка от композитни плочи върху подконструкция скара по детайл | C106: м2 | D106: ='Подробна КС -част АС'!H961 -> 443.9855
A107: 12 | B107: Дост.и монтаж на кутия от метална конструкция с облицовка еталбонд цвят антрацит над врати - фасада запад | C107: м | D107: ='Подробна КС -част АС'!H963 -> 2.7
A108: 13 | B108: Дост.и монт на алуминиева ръкохватка - централно стълбище | C108: м | D108: ='Подробна КС -част АС'!H965 -> 16.8
A109: 14 | B109: Дост.и монтаж на парапет с h = 1,05м - вътрешно стълбище | C109: м | D109: ='Подробна КС -част АС'!H967 -> 12.2
A110: 15 | B110: Дост.и монтаж на алуминиев парапет с h = 1,05м - централен вход | C110: м | D110: ='Подробна КС -част АС'!H969 -> 2.7
A111: 16 | B111: Доставка и монтаж на турникети за контрол на достъп | C111: бр | D111: ='Подробна КС -част АС'!H971 -> 2
A112: 17 | B112: Доставка и монтаж на обемен надпис с подсветка "Минерален комплекс Хисаря" | C112: бр | D112: ='Подробна КС -част АС'!H973 -> 1
A113: 18 | B113: Фасадно осветление екстериорен аплик, насочен нагоре и надолу | C113: бр | D113: ='Подробна КС -част АС'!H979 -> 21
...

Sheet Подробна КС -част АС
A1: Възложител: Община Хисаря
A3: ОБЕКТ: Градски минерален и развлекателно рекреационен комплекс, находящ се в УПИ IX-1161, кв. 97 по плана на гр. Хисаря,Община Хисаря, Област Пловдив, ПИ 77270.504.1161 по КККР на гр. Хисаря
A5: ПОДРОБНА КОЛИЧЕСТВЕНА СМЕТКА
A7: Част: АС
A9: № | B9: ВИДОВЕ СМР | C9: един. мярка | D9: дължина | E9: ширина | F9: височина | G9: брой подобни части | H9: количество общо
A10: Част: Разрушаване на съществуващи постройки, басейни и други
A12: 1 | B12: Разрушаване на сгради и басейни с багер-чук - бетонови плочи, греди, стени, колони, основи | C12: м3 | H12: 962.8
A14: 2 | B14: Разрушаване на сгради и огради с верижен багер - тухлени стени, дървени покривни констр. и др. | C14: м3 | H14: 167.45
A16: 3 | B16: Разрушавене на съществуващи бетонови плочници с багер | C16: м2 | H16: 1158
A18: 4 | B18: Натоварване строителни отпадъци и транспорт на депо, включително такса депониране | C18: м3 | H18: 1362
A20: Б. Нови СМР
B21: I. Сграда
B22: ПОМЕЩЕНИЯ НА КОТА + 0,00
A23: 1 | B23: Възглавница от отсевки | C23: м3 | D23: 29.55 | E23: 8.99 | F23: 0.15 | G23: 1 | H23: =D23*E23*F23*G23 -> 39.848175
D24: 9.97 | E24: 10.1 | F24: 0.15 | G24: 1 | H24: =D24*E24*F24*G24 -> 15.10455
D25: 29.72 | E25: 9.28 | F25: 0.15 | G25: 1 | H25: =D25*E25*F25*G25 -> 41.37024
G26: общо : | H26: =SUM(H23:H25) -> 96.322965
A28: 2 | B28: Топлоизолация от XPS с d = 5см | C28: м2 | D28: 29.55 | E28: 8.99 | G28: 1 | H28: =D28*E28*G28 -> 265.6545
D29: 9.97 | E29: 10.1 | G29: 1 | H29: =D29*E29*G29 -> 100.697
D30: 29.72 | E30: 9.28 | G30: 1 | H30: =D30*E30*G30 -> 275.8016
G31: общо : | H31: =SUM(H28:H30) -> 642.1531
A33: 3 | B33: Полиетиленово фолио | C33: м2 | H33: =H31 -> 642.1531
A35: 4 | B35: Тухлена зидария от тухли Poroterm с d = 25см | C35: м3 | D35: 8.99 | E35: 0.25 | F35: 3.25 | G35: 1 | H35: =D35*E35*F35*G35 -> 7.304375
D36: 29.2 | E36: 0.25 | F36: 3.25 | G36: 1 | H36: =D36*E36*F36*G36 -> 23.725
D37: 1.8 | E37: 0.25 | F37: 3.25 | G37: 1 | H37: =D37*E37*F37*G37 -> 1.4625
D38: 1.43 | E38: 0.25 | F38: 3.25 | G38: 1 | H38: =D38*E38*F38*G38 -> 1.161875
D39: 9.6 | E39: 0.25 | F39: 3.25 | G39: 1 | H39: =D39*E39*F39*G39 -> 7.8
D40: 7.45 | E40: 0.25 | F40: 3.25 | G40: 1 | H40: =D40*E40*F40*G40 -> 6.053125
D41: 27.24 | E41: 0.25 | F41: 3.25 | G41: 1 | H41: =D41*E41*F41*G41 -> 22.1325
D42: 8.78 | E42: 0.25 | F42: 3.25 | G42: 1 | H42: =D42*E42*F42*G42 -> 7.13375
D43: 29.72 | E43: 0.25 | F43: 3.25 | G43: 1 | H43: =D43*E43*F43*G43 -> 24.1475
D44: 0.82 | E44: 0.25 | F44: 3.25 | G44: 1 | H44: =D44*E44*F44*G44 -> 0.66625
D45: 9.97 | E45: 0.25 | F45: 3.25 | G45: 1 | H45: =D45*E45*F45*G45 -> 8.100625
D46: 29.55 | E46: 0.25 | F46: 3.25 | G46: 1 | H46: =D46*E46*F46*G46 -> 24.009375
D47: 3.2 | E47: 0.25 | F47: 1.7 | G47: 1 | H47: =D47*E47*F47*G47 -> 1.36
... D54: 1.75 | E54: 0.25 | F54: 3.25 | G54: 1 | H54: =D54*E54*F54*G54 -> 1.421875
B55: спада се дограма :
B56: фасадна дограма : | D56: 0.9 | E56: 0.25 | F56: 3 | G56: 3 | H56: =-D56*E56*F56*G56 -> -2.025
D57: 3.6 | E57: 0.25 | F57: 0.65 | G57: 3 | H57: =-D57*E57*F57*G57 -> -1.755
D58: 3.6 | E58: 0.25 | F58: 2.85 | G58: 6 | H58: =-D58*E58*F58*G58 -> -15.39
D59: 0.9 | E59: 0.25 | F59: 2.85 | G59: 1 | H59: =-D59*E59*F59*G59 -> -0.64125
D60: 4 | E60: 0.25 | F60: 2.85 | G60: 1 | H60: =-D60*E60*F60*G60 -> -2.85
D61: 2.2 | E61: 0.25 | F61: 2.2 | G61: 1 | H61: =-D61*E61*F61*G61 -> -1.21
B62: вътрешна дограма: | D62: 1.8 | E62: 0.25 | F62: 2.1 | G62: 2 | H62: =-D62*E62*F62*G62 -> -1.89
D63: 1.6 | E63: 0.25 | F63: 2.1 | G63: 1 | H63: =-D63*E63*F63*G63 -> -0.84
G64: общо : | H64: =SUM(H35:H63) -> 123.66563
A66: 5 | B66: Тухлена зидария с тухли Poroterm с d = 12см | C66: м2
B67: отпадъци,складове, умивалня, сервит.офис | D67: 1.77 | F67: 3.25 | G67: 5 | H67: =D67*F67*G67 -> 28.7625
D68: 13.02 | F68: 3.25 | G68: 1 | H68: =D68*F68*G68 -> 42.315
B69: спада се дограма : | D69: 0.8 | F69: 2 | G69: 3 | H69: =-D69*F69*G69 -> -4.8
D70: 0.9 | F70: 2 | G70: 1 | H70: =-D70*F70*G70 -> -1.8
D71: 0.75 | F71: 1.5 | G71: 3 | H71: =-D71*F71*G71 -> -3.375
B72: битовка и WC | D72: 1.89 | F72: 3.25 | G72: 2 | H72: =D72*F72*G72 -> 12.285
D73: 3.83 | F73: 3.25 | G73: 1 | H73: =D73*F73*G73 -> 12.4475
B74: спада се дограма : | D74: 0.8 | F74: 2 | G74: 2 | H74: =-D74*F74*G74 -> -3.2
B75: склад инвентар | D75: 3.75 | F75: 3.25 | G75: 1 | H75: =D75*F75*G75 -> 12.1875
D76: 3.6 | F76: 3.25 | G76: 1 | H76: =D76*F76*G76 -> 11.7
D77: 3.47 | F77: 3.25 | G77: 1 | H77: =D77*F77*G77 -> 11.2775
B78: хлад.зона/кухня | D78: 3.01 | F78: 3.25 | G78: 1 | H78: =D78*F78*G78 -> 9.7825
B79: спада се дограма : | D79: 0.8 | F79: 2 | G79: 1 | H79: =-D79*F79*G79 -> -1.6
D80: 3.34 | F80: 3.25 | G80: 1 | H80: =D80*F80*G80 -> 10.855
D81: 2.76 | F81: 3.25 | G81: 1 | H81: =D81*F81*G81 -> 8.97
D82: 0.9 | F82: 1.6 | G82: 1 | H82: =D82*F82*G82 -> 1.44
D83: 0.65 | F83: 1.6 | G83: 1 | H83: =D83*F83*G83 -> 1.04
D84: 2.1 | F84: 1.6 | G84: 1 | H84: =D84*F84*G84 -> 3.36
D85: 0.75 | F85: 1.6 | G85: 1 | H85: =D85*F85*G85 -> 1.2
D86: 1.92 | F86: 1.6 | G86: 1 | H86: =D86*F86*G86 -> 3.072
B87: коридор към термална зона | D87: 16.29 | F87: 3.25 | G87: 1 | H87: =D87*F87*G87 -> 52.9425
B88: спада се дограма : | D88: 0.9 | F88: 2 | G88: 6 | H88: =-D88*F88*G88 -> -10.8
B89: спада се прозорец лекар.каб. | D89: 2.2 | F89: 1.2 | G89: 1 | H89: =-D89*F89*G89 -> -2.64
B90: WС мъже/жени | D90: 5.1 | F90: 3.25 | G90: 1 | H90: =D90*F90*G90 -> 16.575
B91: WС мъже/жени/инвалиди | D91: 2.92 | F91: 3.25 | G91: 1 | H91: =D91*F91*G91 -> 9.49
B92: WС инвалиди | D92: 2.11 | F92: 3.25 | G92: 2 | H92: =D92*F92*G92 -> 13.715
D93: 7.33 | F93: 3.25 | G93: 3 | H93: =D93*F93*G93 -> 71.4675
B94: спада се дограма : | D94: 0.9 | F94: 2 | G94: 1 | H94: =-D94*F94*G94 -> -1.8
B95: сол.стая,билк.стая,корид./техн.пом., корид.терм.зона | D95: 8.78 | F95: 3.25 | G95: 1 | H95: =D95*F95*G95 -> 28.535
B96: спада се дограма : | D96: 0.8 | F96: 2 | G96: 2 | H96: =-D96*F96*G96 -> -3.2
D97: 0.9 | F97: 2 | G97: 1 | H97: =-D97*F97*G97 -> -1.8
B98: лекар.каб и душ/ коридор към битовка | D98: 5.15 | F98: 3.25 | G98: 1 | H98: =D98*F98*G98 -> 16.7375
B99: битовка персонал/ коридор към битовка | D99: 1.14 | F99: 3.25 | G99: 1 | H99: =D99*F99*G99 -> 3.705
B100: спада се дограма : | D100: 0.9 | F100: 2 | G100: 1 | H100: =-D100*F100*G100 -> -1.8
B101: техн.пом./коридор терм.зона | D101: 2.4 | F101: 3.25 | G101: 1 | H101: =D101*F101*G101 -> 7.8
B102: спада се дограма : | D102: 0.8 | F102: 2 | G102: 1 | H102: =-D102*F102*G102 -> -1.6
B103: парна баня/коридор терм.зона | D103: 1 | F103: 3.25 | G103: 1 | H103: =D103*F103*G103 -> 3.25
B104: спада се дограма : | D104: 0.8 | F104: 2 | G104: 1 | H104: =-D104*F104*G104 -> -1.6
B105: коридор терм.зона | D105: 1 | F105: 3.25 | G105: 1 | H105: =D105*F105*G105 -> 3.25
B106: финл.сауна/коридор терм.зона | D106: 1 | F106: 3.25 | G106: 1 | H106: =D106*F106*G106 -> 3.25
B107: финл.сауна/коридор терм.зона | D107: 3.18 | F107: 3.25 | G107: 1 | H107: =D107*F107*G107 -> 10.335
B108: спада се дограма : | D108: 0.8 | F108: 2 | G108: 1 | H108: =-D108*F108*G108 -> -1.6
B109: финл.сауна/скл.инвентар | D109: 3.18 | F109: 3.25 | G109: 1 | H109: =D109*F109*G109 -> 10.335
B110: техн.пом./склад инвентар | D110: 5.92 | F110: 3.25 | G110: 1 | H110: =D110*F110*G110 -> 19.24
B111: спада се дограма : | D111: 1 | F111: 2 | G111: 1 | H111: =-D111*F111*G111 -> -2
B112: склад инвентар/коридор | D112: 4.08 | F112: 3.25 | G112: 1 | H112: =D112*F112*G112 -> 13.26
B113: спада се дограма : | D113: 1 | F113: 2 | G113: 1 | H113: =-D113*F113*G113 -> -2
B114: склад инвентар/басейн | D114: 7.33 | F114: 3.25 | G114: 1 | H114: =D114*F114*G114 -> 23.8225
B115: спада се дограма : | D115: 1 | F115: 2 | G115: 1 | H115: =-D115*F115*G115 -> -2
G116: общо : | H116: =SUM(H66:H115) -> 430.7895
A118: 6 | B118: Щендерна стена от панели Aquapanel - около парна баня и технич.помещ. | C118: м2
B119: м/у технич.помещения | D119: 2.24 | F119: 3.25 | G119: 1 | H119: =D119*F119*G119 -> 7.28
B120: спада се дограма : | D120: 0.8 | F120: 2 | G120: 1 | H120: =-D120*F120*G120 -> -1.6
...

Sheet КС - Конструкции
A1: Възложител: Община Хисаря
A3: ОБЕКТ: Градски минерален и развлекателно рекреационен комплекс, находящ се в УПИ IX-1161, кв. 97 по плана на гр. Хисаря,Община Хисаря, Област Пловдив, ПИ 77270.504.1161 по КККР на гр. Хисаря
A6: КОЛИЧЕСТВЕНА СМЕТКА
B8: Част: Строителни конструкции
B10: За хале с басейн:
B13: Изкоп – 1356м3
B14: Кофражни работи фундаменти и настилка – 893 м2
B15: Бетон фундаменти и настилка C20/25 –414 м3
B16: Армировка
B17: ф6.5 – N25–13 560 кг
B18: Стомана S235JR- 39407.6 кг
B19: Анкерна група 1 – 7х8 бр.
B20: За външен басейн и бар:
B21: Изкоп – 1578м3
B22: Кофражни работи– 542 м2
... B48: Армировка за стоманобетонова настилка - N8 -2750кг

Sheet Подробна КС- част ВиК
A1: КОЛИЧЕСТВЕНА СМЕТКА
A3: Обект : Градски минерален и развлекателно рекреационен комплекс, находящ се
A4: в УПИ IХ-1161, кв. 97 по плана на гр. Хисаря,Община Хисаря, Област Пловдив
A5: ПИ 77270.504.1161 по КККР на гр. Хисаря
B7: Част : В и К
B8: Фаза : Технически проект
B12: Водопроводно отклонение
A14: N | B14: Вид СМР | C14: ед.м. | D14: дъл. | E14: шир. | F14: вис. | G14: п. ч. | H14: кол.
A15: 1 | B15: Ръчен изкоп с шир. до 1,20 и дъл. до 2 м. | C15: м3 | D15: 5 | E15: 0.9 | F15: 1.15 | G15: 1 | H15: =D15*E15*F15*G15 -> 5.175
A16: 2 | B16: Дост.и полагане на непром. пъсък за подложка | C16: м3. | D16: 5 | E16: 0.9 | F16: 0.1 | G16: 1 | H16: =D16*E16*F16*G16 -> 0.45
A17: 3 | B17: Досавка на отсевки и засипване с уплътняване | C17: м3. | D17: 5 | E17: 0.65 | F17: 0.2 | G17: 1 | H17: =D17*E17*F17*G17 -> 0.65
A18: 4 | B18: Засипване и уплътняване на обратен насип | C18: м3. | H18: 4.08
A19: 5 | B19: Дост. и монт. на тр. СК Ф75 с охр. гарн. и чун. гърне | C19: бр. | H19: 1
A20: 6 | B20: Доставка и монтаж на намалител 75/50 РЕ-100 | C20: бр. | H20: 1
A21: 7 | B21: Доставка и монтаж на намалител 90/75 РЕ-100 | C21: бр. | H21: 1
A22: 8 | B22: Доставка и монтаж на универсално Ж Ф80 | C22: бр. | H22: 1
A23: 9 | B23: Доставка и монтаж на тръби Ф75/4.5 РЕ-100 PN10 | C23: м3. | H23: 5
A24: 10 | B24: Доставка и монтаж на тръби Ф90/5.4 РЕ-100 PN10 | C24: м3. | H24: 1
A25: 11 | B25: Дезинфекция и изпитване на външен водопровод | C25: м. | H25: 5
B27: Водомерна шахта
A29: № | B29: СМР | C29: Ед.м. | H29: Кол-во
A30: 1 | B30: Ръчен изкоп за строит. конструкция | C30: м3 | H30: 8.56
A31: 2 | B31: Направа на кофраж за стени с деб. над 15 см | C31: м2. | H31: 11.2
A32: 3 | B32: Бет. Кл.7.5 за дъно | C32: м3 | H32: 0.26
A33: 4 | B33: Бет. Кл.20 за дъно | C33: м3 | H33: 0.4
A34: 5 | B34: Бет. Кл.20 за стени | C34: м3 | H34: 1
A35: 6 | B35: Цим. замазка в два пласта по стени | C35: м2 | H35: 4.2
A36: 7 | B36: Стом. стъпала Ф25 | C36: бр. | H36: 3
A37: 8 | B37: Доставка и монтаж арматура Ст.АI | C37: кг. | H37: 185
A38: 9 | B38: Доставка и монтаж СК Ф 2 " с изпразн. | C38: бр. | H38: 1
A39: 10 | B39: Доставка и монтаж СК Ф 2 " | C39: бр. | H39: 1
A40: 11 | B40: Доставка и монтаж ВК 2 " | C40: бр. | H40: 1
A41: 12 | B41: Доставка и монтаж филтър Ф 2 " | C41: бр. | H41: 1
... A46: 17 | B46: Доставка и монтаж на ст. капак 100/100 - по детайл | C46: бр. | H46: 1
B49: Вътрешно водоснабдяване
B51: Вътрешно водоснабдяване - част I , западна
A53: № | B53: СМР | C53: Ед.м. | H53: Кол-во
A54: 1 | B54: Дост.и монтаж на полипроп. тръби - F20 | C54: м | H54: 35
A55: 2 | B55: Дост.и монтаж на полипроп. тръби - F25 | C55: м | H55: 16
A56: 3 | B56: Дост.и монтаж на полипроп. тръби - F32 | C56: м | H56: 20
A57: 3 | B57: Дост.и монтаж на полипроп. тръби - F63 | C57: м | H57: 20
A58: 4 | B58: Дост.и монтаж на топлоизол. тип "MIRELON" F20 | C58: м | H58: 35
A59: 5 | B59: Дост.и монтаж на топлоизол. тип "MIRELON" F25 | C59: м | H59: 16
A60: 6 | B60: Дост.и монтаж на топлоизол. тип "MIRELON" F32 | C60: м | H60: 20
A61: 7 | B61: Дост.и монтаж на топлоизол. тип "MIRELON" F63 | C61: м | H61: 20
A62: 8 | B62: Направа на улейв тухл. стени 15/5 | C62: м | H62: 25
A63: 9 | B63: Измазване на улеите | C63: м | H63: 25
A64: 10 | B64: Дост. и монтаж на бойлер V=120- вертикални | C64: бр. | H64: 3
A65: 11 | B65: Дост. и монтаж на бойлер V=80- вертикални | C65: бр. | H65: 1
... A72: 18 | B72: Доставка и монтаж на смес. батерии за душ | C72: бр. | H72: 1
B74: Вътрешно водоснабдяване - част II , източна
A76: № | B76: СМР | C76: Ед.м. | H76: Кол-во
A77: 1 | B77: Дост.и монтаж на полипроп. тръби - F20 | C77: м | H77: 78
A78: 2 | B78: Дост.и монтаж на полипроп. тръби - F25 | C78: м | H78: 52
A79: 3 | B79: Дост.и монтаж на полипроп. тръби - F32 | C79: м | H79: 58
A80: 4 | B80: Дост.и монтаж на полипроп. тръби - F40 | C80: м | H80: 30
A81: 5 | B81: Дост.и монтаж на полипроп. тръби - F50 | C81: м | H81: 35
A82: 6 | B82: Дост.и монтаж на полипроп. тръби - F63 | C82: м | H82: 12
A83: 7 | B83: Дост.и монтаж на полипроп. тръби - F75 | C83: м | H83: 20
A84: 8 | B84: Дост.и монтаж на топлоизол. тип "MIRELON" F20 | C84: м | H84: 78
A85: 9 | B85: Дост.и монтаж на топлоизол. тип "MIRELON" F25 | C85: м | H85: 52
A86: 10 | B86: Дост.и монтаж на топлоизол. тип "MIRELON" F32 | C86: м | H86: 58
A87: 11 | B87: Дост.и монтаж на топлоизол. тип "MIRELON" F40 | C87: м | H87: 30
A88: 12 | B88: Дост.и монтаж на топлоизол. тип "MIRELON" F50 | C88: м | H88: 35
... A112: 36 | B112: Доставка и монтаж на смес. батерии за душ | C112: бр. | H112: 21
B114: Площадков водопровод
A116: N | B116: Вид СМР | C116: ед.м. | D116: дъл. | E116: шир. | F116: вис. | G116: п. ч. | H116: кол.
A117: 1 | B117: Ръчен изкоп с шир. до 0,80 и дъл. до 1,40 м. на отвал | C117: м3 | D117: 140 | E117: 0.95 | F117: 1.4 | G117: 1 | H117: =D117*E117*F117*G117 -> 186.2
A118: 2 | B118: Дост.и полагане на непром. пъсък за подложка | C118: м3. | D118: 140 | E118: 0.95 | F118: 0.1 | G118: 1 | H118: =D118*E118*F118*G118 -> 13.3
A119: 3 | B119: Досавка на отсевки и засипване с уплътняване | C119: м3. | D119: 140 | E119: 0.68 | F119: 0.2 | G119: 1 | H119: =D119*E119*F119*G119 -> 19.04
A120: 4 | B120: Засипване и уплътняване на обратен насип | C120: м3. | H120: 153.66
A121: 5 | B121: Разриване с булдозер на до 20 м . на земни маси | C121: м3. | H121: 32.34
A122: 6 | B122: Доставка и монтаж тръби Ф 75 РЕ-100 | C122: м. | H122: 117
A123: 7 | B123: Доставка и монтаж тръби Ф 63 РЕ-100 | C123: м. | H123: 5
A124: 8 | B124: Доставка и монтаж на детекторна лента | C124: м. | H124: 127
A125: 9 | B125: Доставка и монтаж на сигнарна лента | C125: м. | H125: 127
A126: 10 | B126: Дос. и мон. на трот. СК Ф75 с охран .гарн. и чуг.гърне | C126: бр. | H126: 1
A127: 11 | B127: Дезинфекция и изпитване на площадков водопровод | C127: м. | H127: 140
B130: Вътрешна канализация - част I западна
A132: № | B132: СМР | C132: Ед.м. | H132: Кол-во
A133: 1 | B133: Доставка и монтаж на PVC тр. Ф50 - SN4 | C133: м. | H133: 20
A134: 2 | B134: Доставка и монтаж на PVC тр. Ф110- SN8 | C134: м. | H134: 35
A135: 3 | B135: Доставка и монтаж на PVC тр. Ф160- SN8 | C135: м. | H135: 30
A136: 4 | B136: Направа на улейв тухл. стени 10/5 | C136: м | H136: 8
A137: 5 | B137: Измазване на улеите | C137: м | H137: 8
A138: 6 | B138: Доставка и монтаж на ПС Ф50 | C138: бр. | H138: 6
A139: 7 | B139: Доставка и монтаж на ПС Ф100 | C139: бр. | H139: 1
A140: 8 | B140: Доставка и монтаж на вакуум крапа HL900 Ф110 | C140: бр. | H140: 2
A141: 9 | B141: Доставка и монтаж на мазнино задържател тип:ECO | C141: бр. | H141: 2
A142: 10 | B142: Доставка и монтаж на HL64 | C142: бр. | H142: 4
A143: 11 | B143: Доставка и монтаж на HL5100T | C143: бр. | H143: 2
A144: 12 | B144: Направа на РШ 60/60 | C144: бр. | H144: 1
... A148: 16 | B148: Дост. и монт. на кухненски мивки | C148: бр. | H148: 10
B151: Вътрешна канализация - част II източна
A153: № | B153: СМР | C153: Ед.м. | H153: Кол-во
A154: 1 | B154: Доставка и монтаж на PVC тр. Ф50 - SN4 | C154: м. | H154: 60
A155: 2 | B155: Доставка и монтаж на PVC тр. Ф75 - SN4 | C155: м. | H155: 60
A156: 3 | B156: Доставка и монтаж на PVC тр. Ф110- SN8 | C156: м. | H156: 80
A157: 4 | B157: Доставка и монтаж на PVC тр. Ф160- SN8 | C157: м. | H157: 80
A158: 5 | B158: Доставка и монтаж на PVC тр. Ф200- SN8 | C158: м. | H158: 6
...

Sheet КС - част ЕЛ
A1: КОЛИЧЕСТВЕНА СМЕТКА
A3: Обект: Градски минерален и развлекателно рекреационен комплекс, находящ се в УПИ IX-1161, кв. 97 по плана на гр. Хисаря, Община Хисаря, Област Пловдив, ПИ 77270.504.1161 по КККР на гр. Хисаря
A5: Част: Електро
A6: Фаза: ТП
A8: № | B8: Видове СМР | C8: мярка | D8: колич.
B9: Вътрешни ел. инсталации
A10: 1 | B10: Доставка ел. табла Тглавно, Трест.,Тфитн., Тсъбл. ,Тадм., Тбюф. , Тбар, Тосв.бас., Тп.асанс. | C10: бр. | D10: 9
A11: 2 | B11: Доставка ел. табла Твент.1, Твент.2, Твент.3, Ттехн. | C11: бр. | D11: 4
A12: 3 | B12: Монтаж на ел. табла в ниша | C12: бр. | D12: 7
A13: 4 | B13: Монтаж на ел. табла на стена | C13: бр. | D13: 4
A14: 5 | B14: Монтаж на ел. табло стоящо | C14: бр. | D14: 2
A15: 6 | B15: Доставка и монтаж на осв.тяло LED panel 48W, 1200/300мм, 4000К, с рамка за външен монтаж | C15: бр. | D15: 86
A16: 7 | B16: Доставка и монтаж на осв.тяло с LED пура 22W, 1200мм, 4000К, IP65, външен монтаж | C16: бр. | D16: 34
A17: 8 | B17: Доставка и монтаж на осв.тяло с 2бр. LED пура 22W, 1200мм, 4000К, IP65, външен монтаж | C17: бр. | D17: 73
A18: 9 | B18: Доставка и монтаж на LED линейно тяло - модул 10W, 868/22/37мм, 4000К, външен монтаж | C18: бр. | D18: 31
A19: 10 | B19: Доставка и монтаж на полилей LED 6x10вт | C19: бр. | D19: 2
A20: 11 | B20: Доставка и монтаж на плафониер LED 12W, със сензор за движение, 4000К, IP44 | C20: бр. | D20: 55
A21: 12 | B21: Доставка и монтаж на осв.тяло тип "луна" LED 8W, външен монтаж | C21: бр. | D21: 10
... A37: 28 | B37: Доставка и монтаж на ключ за осветление девиаторен | C37: бр. | D37: 24
A38: 29 | B38: Доставка и монтаж на ключ за осветление кръстат | D38: 1
A39: 30 | B39: Доставка и монтаж на ключ за осветление обикновен,противовл. | C39: бр. | D39: 3
A40: 31 | B40: Доставка и монтаж на ключ за осветление сериен,противовл. | C40: бр. | D40: 6
A41: 32 | B41: Доставка и монтаж на ключ за осветление девиаторен,противовл. | C41: бр. | D41: 10
A42: 33 | B42: Доставка и монтаж на бойлерно ел. табло | C42: бр. | D42: 4
A43: 34 | B43: Доставка и монтаж на разклонителна кутия противовлажна, IP 65 р.к 10/10 - осветл. рекламни пана | C43: бр. | D43: 6
A44: 35 | B44: Доставка и монтаж на фотоелемент "стенен монтаж" | C44: бр. | D44: 1
A45: 36 | B45: Доставка и монтаж на сензор движение/влага с регулируемо време,IP65 | C45: бр. | D45: 7
A46: 37 | B46: Доставка и монтаж на ДКУ | C46: бр. | D46: 4
A47: 38 | B47: Лампен излаз със СВТ 3х1,5мм2 открито - до 8м | C47: бр. | D47: 2
A48: 39 | B48: Лампен излаз със СВТ 3х1,5мм2 в PVCтр - до 8м | C48: бр. | D48: 4
A49: 40 | B49: Лампен излаз с ПВВ-МБ1 3х2,5мм2 скрито- до 20м | C49: бр. | D49: 22
A50: 41 | B50: Лампен излаз с ПВВ-МБ1 3х1,5мм2 скрито- до 10м | C50: бр. | D50: 172
... A105: 96 | B105: Доставка и монтаж пътнически асансьор, електрически без машинно, 630кг - 8 лица, 2 спирки | C105: бр. | D105: 1
B107: Мълниезащитна и заземителна инсталации
A108: 1 | B108: Полагане на неизолиран, полутвърд алумин.проводник ф8мм - ЕЕ/05/0035/А01/Al Mn Si на дистанционен носач открито | C108: м | D108: 85
A109: 2 | B109: Полагане на токоотвод от екструдиран, изолиран, полутвърд алумин. проводник ф8мм -ЕЕ/05/0045/А01/Al Mn Si - скрито в противопожарни ивици от минерална вата | C109: м | D109: 10
A110: 3 | B110: Доставка и монтаж мълниеприемник с изпреварващо действие - 60μs | C110: бр. | D110: 1
A111: 4 | B111: Доставка и монтаж на мачта с Н=3м | C111: бр. | D111: 1
A112: 5 | B112: Полагане на поцинкована шина 40/4 скрито | C112: м | D112: 3
A113: 6 | B113: Полагане на поцинкована шина 40/4 открито | C113: м | D113: 9
A114: 7 | B114: Полагане на поцинкована шина 40/4 в изкоп | C114: м | D114: 14
A115: 8 | B115: Доставка и монтаж на контр.-ревизионна кутия | C115: бр. | D115: 2
A116: 9 | B116: Доставка и монтаж на контр. съединител-двупътен | C116: бр. | D116: 2
A117: 10 | B117: Доставка и монтаж на заземители - 2бр. поцинковани колове L63/63/6-3м | C117: компл. | D117: 3
A118: 11 | B118: Направа изкоп за заземление | C118: м | D118: 15
A119: 12 | B119: Наладка на зазем. инсталация | C119: бр. | D119: 2
A120: 13 | B120: Измерване спец. съпротивление на почва | C120: бр. | D120: 1
B122: Кабели НН от Тмерене до ел. табло ГРТ и от ГРТ до подтабла. Районно осветление.
A123: 1 | B123: Трасиране кабелна линия с колчета | C123: км | D123: 0.375
A124: 2 | B124: Направа изкоп 0,8/0,4м-ІІІкат. със зариване | C124: м | D124: 375
A125: 3 | B125: Направа подложка за кабел | C125: м | D125: 375
A126: 4 | B126: Покриване на кабел с РVС лента | C126: м | D126: 375
A127: 5 | B127: Полагане РVС тр.ф15 скрито | C127: м | D127: 82
A128: 6 | B128: Полагане РVС тр.ф15 в изкоп | C128: м | D128: 20
A129: 7 | B129: Полагане РVС тр.ф29 скрито | C129: м | D129: 20
A130: 8 | B130: Полагане РVС тр.ф32 в изкоп | C130: м | D130: 8
A131: 9 | B131: Полагане РVС тр.ф32 скрито | C131: м | D131: 88
A132: 10 | B132: Полагане РVС тр.ф40 скрито | C132: м | D132: 9
A133: 11 | B133: Полагане РVС тр.ф70 в изкоп | C133: м | D133: 4
A134: 12 | B134: Полагане тв.РVС тр.ф70 скрито | C134: м | D134: 2
... A182: 60 | B182: Измерване спец. съпротивление на почва | C182: бр. | D182: 1
B184: Пожароизвестителна инсталация
A185: 1 | B185: Доставка на адресируема пожароизвестит. централа | C185: бр. | D185: 1
A186: 2 | B186: Доставка на адресируем пожароизв. датчик, оптично-димен | C186: бр. | D186: 42
A187: 3 | B187: Доставка на адресируем пожароизв. датчик, ръчен с вграден изолатор | C187: бр. | D187: 8
A188: 4 | B188: Доставка изолатор на късо съединение-четворен /до ПИЦ/ | C188: бр. | D188: 1
A189: 5 | B189: Доставка сигнализатор звуков /сирена/ вътрешен | C189: бр. | D189: 6
A190: 6 | B190: Доставка сигнализатор светлинно-звуков /сирена/ външен | C190: бр. | D190: 3
A191: 7 | B191: Доставка основа за пожароизвестител | C191: бр. | D191: 50
A192: 8 | B192: Монтаж на основа за пожароизвестител | C192: бр. | D192: 50
A193: 9 | B193: Монтаж и привеждане в работно състояние ПИЦ | C193: бр. | D193: 1
A194: 10 | B194: Монтаж и привеждане в раб. състояние датчици | C194: бр. | D194: 42
A195: 11 | B195: Монтаж и привеждане в раб. състояние ръчен датчик | C195: бр. | D195: 8
A196: 12 | B196: Монтаж и привеждане в раб. състояние сирена | C196: бр. | D196: 9
... A204: 20 | B204: Свръзки до 2,5мм2 | C204: бр. | D204: 124
B206: Инсталация СОТ и контрол на достъпа
A207: 1 | B207: Доставка и монтаж охранителна централа | C207: бр. | D207: 1
A208: 2 | B208: Доставка и монтаж обемен датчик | C208: бр. | D208: 1
A209: 3 | B209: Доставкаи монтаж магнитно контактен датчик | C209: бр. | D209: 1
A210: 4 | B210: Доставка и монтаж клавиатура | C210: бр. | D210: 1
A211: 5 | B211: Доставка на 96OHMS/KM Elan 8x0,22мм2 | C211: м | D211: 18
A212: 6 | B212: Изтегляне на 96OHMS/KM Elan 8x0,22мм2 в РVС тр. | C212: м | D212: 18
A213: 7 | B213: Полагане ПВВ-МБ1 3x1,5мм2 скрито | C213: м | D213: 8
A214: 8 | B214: Доставка на ПВВ-МБ1 3x1,5мм2 | C214: м | D214: 8
A215: 9 | B215: Полагане РVС ф15 скрито | C215: м | D215: 20
A216: 10 | B216: Тестове и настройки на системата за сигурност | C216: бр. | D216: 5
A217: 11 | B217: Свръзки до 2,5мм2 | C217: бр. | D217: 36
B219: Инсталации структурно окабеляване, ТV и система за видеонаблюдение
A220: 1 | B220: Доставка и монтажна комуникац. шкаф, комплект със система за записване на видеосигнали с 16-канален NVR с меню на бълг. език /по задание на Възложителя/ и електронни модули с подвързването им | C220: компл. | D220: 1
A221: 2 | B221: Доставка и монтаж на 3 бр.контакт "Шуко",моноф.,цвят червен,Френски стандарт+ информ.конт. RJ45/кат.5/ | C221: бр | D221: 5
A222: 3 | B222: Доставка и монтаж на информационен контакт RJ45/кат.5/ | C222: бр | D222: 2
A223: 4 | B223: Доставка и монтаж на контакт ТV | C223: бр | D223: 2
A224: 5 | B224: Доставка и монтаж на камера за външен монтаж с ІР-65, със стойка за скрито водене на кабелите | C224: бр. | D224: 5
A225: 6 | B225: Доставка и монтаж на камера куполна за вътрешен монтаж | C225: бр. | D225: 10
A226: 7 | B226: Доставка и монтаж комплект контактни и крепежни елементи за външни камери | C226: бр. | D226: 5
A227: 8 | B227: Доставка и монтаж комплект контактни и крепежни елементи за вътрешни камери | C227: бр. | D227: 10
A228: 9 | B228: Доставка на FTP 4х2х0,5мм2 -кат.5е,мед,24AWG | C228: м | D228: 470
A229: 10 | B229: Изтегляне на FTP 4х2х0,5мм2 в РVС тр. | C229: м | D229: 120
A230: 11 | B230: Изтегляне на 2FTP 4х2х0,5мм2 в РVС тр. | C230: м | D230: 175
A231: 12 | B231: Изтегляне на ПВ-А2 6мм2 в РVС тр. | C231: м | D231: 2
...

Sheet КС-технол. Кухня и мокър бюфет
A1: Възложител: Община Хисаря
A3: ОБЕКТ: Градски минерален и развлекателно рекреационен комплекс, находящ се в УПИ IX-1161, кв. 97 по плана на гр. Хисаря,Община Хисаря, Област Пловдив, ПИ 77270.504.1161 по КККР на гр. Хисаря
B5: КОЛИЧЕСТВЕНА СМЕТКА
A7: част: ТЕХНОЛОГИЯ : БИСТРО -ТОПЛА КУХНЯ И ВЪНШЕН МОКЪР БЮФЕТ
A9: № | B9: ВИДОВЕ СМР | C9: един. мярка | D9: количество общо
B10: БИСТРО -ТОПЛА КУХНЯ
A11: 1 | B11: Доставка и монтаж на хладилник N=0,20kW | C11: бр. | D11: 3
A12: 2 | B12: Доставка и монтаж на фризер N=0,25kW | C12: бр. | D12: 4
A13: 3 | B13: Даставка и монтаж на фризер СЖП N=0,25kW | C13: бр. | D13: 1
A14: 4 | B14: Доставка и монтаж на вертикална изложбена хладилник витрина за газирани напитки и вода N=0,20kW | C14: бр. | D14: 5
A15: 5 | B15: Доставка и монтаж на складов стелаж | C15: бр. | D15: 6
A16: 6 | B16: Доставка и монтаж на плот крайстенен с двугнездна мивка за месо и пилета с р-ри 2600/600/850мм | C16: бр. | D16: 1
A17: 7 | B17: Доставка и монтаж на плот крайстенен с едногнездна мивка за риба с р-ри 1700/600/850мм | C17: бр. | D17: 1
A18: 8 | B18: Доставка и монтаж на плот крайстенен с едногнездна мивка за зеленчук с р-ри 1700/600/850мм | C18: бр. | D18: 1
A19: 9 | B19: Доставка и монтаж на плот крайстенен с едногнездна мивка за зподготовка яйца с р-ри 900/500/850мм | C19: бр. | D19: 1
A20: 10 | B20: Доставка и монтаж на пластмасова скара | C20: бр. | D20: 1
A21: 11 | B21: Доставка и монтаж на зеленчукорезачна машина | C21: бр. | D21: 1
A22: 12 | B22: Доставка и монтаж на контейнер с капак | C22: бр. | D22: 7
... A47: 37 | B47: Доставка и монтаж на микровълнова печка | C47: бр. | D47: 1
A48: 38 | B48: Доставка и монтаж везна електронна
A49: 39 | B49: Доставка и монтаж на подвижна скара за тави | C49: бр. | D49: 1
A50: 40 | B50: Доставка и монтаж на микровълнова фурна | C50: бр. | D50: 1
A51: 41 | B51: Доставка и монтаж на касов апарат с фискална памет | C51: бр. | D51: 2
A52: 42 | B52: Доставка и монтаж на колонка за наливна бира | C52: бр. | D52: 1
A53: 43 | B53: Доставка и монтаж на ледогенератор | C53: бр. | D53: 1
A54: 44 | B54: Доставка и монтаж на кафемашина с две букси и кафемелачка | C54: бр. | D54: 1
A55: 45 | B55: Доставка и монтаж на рукванд L=1900мм | C55: бр. | D55: 1
A56: 46 | B56: Доставка и монтаж на апарат за минерална вода | C56: бр. | D56: 1
A57: 47 | B57: Доставка и монтаж на комбайн за бар, неръждаем-ледотрошачка, сокоизтисквачка,миксер и щейкър | C57: бр. | D57: 1
A58: 48 | B58: Направа и монтаж на бар-плот с двугнездна мивка по арх. детайл | C58: бр. | D58: 1
A59: 49 | B59: Доставка и монтаж на келнерски шкаф | C59: бр. | D59: 2
A60: 50 | B60: Доставка и монтаж на шкаф за дезинфекционни материали | C60: бр. | D60: 1
... A62: 52 | B62: Доставка и монтаж на гардеробчета | C62: бр. | D62: 4
B66: ВЪНШЕН МОКЪР БЮФЕТ
A68: № | B68: ВИДОВЕ СМР | C68: един. мярка | D68: количество общо
A69: 1 | B69: Направа и монтаж на бар-плот с три мивка по арх. детайл | C69: бр. | D69: 1
A70: 2 | B70: Доставка и монтаж на касов апарат с фискална памет | C70: бр. | D70: 1
A71: 3 | B71: Доставка и монтаж на апарат за минерална вода | C71: бр. | D71: 1
A72: 4 | B72: Доставка и монтаж на кафемашина с две букси и кафемелачка | C72: бр. | D72: 1
A73: 5 | B73: Доставка и монтаж на комбайн за бар, неръждаем-ледотрошачка, сокоизтисквачка,миксер и щейкър | C73: бр. | D73: 1
A74: 6 | B74: Доставка и монтаж на ледогенератор | C74: бр. | D74: 1
A75: 7 | B75: Доставка и монтаж на подплотов хладилнис | C75: бр. | D75: 4
A76: 8 | B76: Доставка и монтаж на блендер | C76: бр. | D76: 1
A77: 9 | B77: Доставка и монтаж на фрапе машина | C77: бр. | D77: 1
A78: 10 | B78: Доставка и монтаж на преса за цитросови плодове | C78: бр. | D78: 1
A79: 11 | B79: Доставка и монтаж на преса затвърди плодове | C79: бр. | D79: 1
A80: 12 | B80: Доставка и монтаж на контейнер за отпадъци с капак | C80: бр. | D80: 1
A81: 13 | B81: Доставка и монтаж на рукванд по арх. детайл | C81: бр. | D81: 1
B86: Съставил:

Sheet КС- технология басейни
A1: Възложител: Община Хисаря
A3: ОБЕКТ: Градски минерален и развлекателно рекреационен комплекс, находящ се в УПИ IX-1161, кв. 97 по плана на гр. Хисаря,Община Хисаря, Област Пловдив, ПИ 77270.504.1161 по КККР на гр. Хисаря
A6: КОЛИЧЕСТВЕНА СМЕТКА
A8: Част: Технология - басейни
A10: Количествена сметка №1
A13: № | B13: Наименование | C13: мярка | D13: К-во
B14: Обща количествена сметка за голям закрит басейн
A16: 1 | B16: Проф. ламиниран пясъчен филтър TEIDE PROFI LIGHT 1200; 30 m3/h/m2 , дебит 43 m3/h, св. d=90mm | C16: бр. | D16: 3
A17: 2 | B17: Чувал кварцов пясък 0.6 - 0.8 mm | C17: кг | D17: 3000
A18: 3 | B18: 6-пътен вентил 3" страничен монтаж | C18: бр. | D18: 3
A19: 4 | B19: Циркулационна помпа MAGNUS-4 300 [3.0 HP] 2,20kW | C19: бр. | D19: 3
A21: 5 | B21: Пластмасов специализиран фундамент за монтаж на | C21: бр. | D21: 6
B22: циркулационни помпи. Размер 395х230х200(h)мм. Включва гумени антивибрационни подложки.
A23: 6 | B23: Дюза дънна FLAT за керамика | C23: бр. | D23: 28
A24: 7 | B24: Подов сифон ф 110 | C24: бр. | D24: 2
A25: 8 | B25: Смукателна дюза за керамика HYDRODIF | C25: бр. | D25: 2
A26: 9 | B26: Автоматична дозаторна станция комплект, с регулатор DST-WDPHCL за регулиране на рН и дезинфектант (Свободен хлор) в басейн | C26: бр. | D26: 1
A27: 10 | B27: Бидон вертикален 500 л. H=1310mm ; D=730mm | C27: бр. | D27: 2
A28: 11 | B28: Помпа потопяема дренажна KONA 750PM [1.0 HP] [0.75 kW] | C28: бр. | D28: 1
B29: [8 m3/h,H=5]
A30: 12 | B30: Кран моторен BELIMO DN40-1 1/2", затваряне с пружина, норм.затворен, 24-230V за доливане на резервоара | C30: бр. | D30: 1
A32: 13 | B32: Редуцир-вентил 1 1/2" | C32: бр | D32: 1
A33: 14 | B33: Термопомпа модел iMAX 125 Inverter | C33: бр | D33: 1
A34: 15 | B34: PVC инсталация – тръби за високо налягане /10 атм./, кранове, фитинги и консумативи. | C34: к-т | D34: 1
A36: 16 | B36: Стълба SPECIAL OVERFLOW 4 мет. стъпала с неподхл. покритие + фланец, AISI 316L | C36: бр | D36: 2
A37: 17 | B37: Стълба SPECIAL OVERFLOW 5 мет. стъпала с неподхл. покритие + фланец, AISI 316L | C37: бр | D37: 2
A38: 18 | B38: Анкъри с фланец за монтаж на стълби без вкопаване - прав, SS.A-304. Комплект от 2 бр. | C38: бр | D38: 4
A44: Съставил: ……………………..
A45: / инж. Д. Мешков /
A48: Количествена сметка №2
A51: № | B51: Наименование | C51: мярка | D51: К-во
B52: Обща количествена сметка за външен басейн за възрастни с водни и въздушни ефекти
A54: 1 | B54: Проф. ламиниран пясъчен филтър TEIDE PROFI 1200; 50 m3/h/m2 , дебит 55m3/h, св. d=90mm | C54: бр. | D54: 4
A55: 2 | B55: Чувал кварцов пясък 0.6 - 0.8 mm | C55: кг | D55: 5400
A56: 3 | B56: Чувал кварцов пясък 0.6 - 0.8 mm | C56: бр | D56: 1100
A57: 4 | B57: Батерия за ръчно управление на пясъчен филтър с 5 крана, d=110mm | C57: бр. | D57: 4
A58: 5 | B58: Циркулационна помпа MAGNUS-4 400 [4.0 HP] 3,0kW | C58: бр. | D58: 4
A60: 6 | B60: Пластмасов специализиран фундамент за монтаж на | C60: бр | D60: 8
B61: циркулационни помпи. Размер 395х230х200(h)мм. Включва гумени антивибрационни подложки.
A62: 7 | B62: Дюза дънна FLAT за керамика | C62: бр. | D62: 38
A63: 8 | B63: Подов сифон ф 110 | C63: бр. | D63: 3
A64: 9 | B64: Подов сифон ф 63 | C64: бр. | D64: 2
A65: 10 | B65: Смукателна дюза за керамика HYDRODIF | C65: бр. | D65: 4
A66: 11 | B66: Автоматична дозаторна станция комплект, с регулатор DST-WDPHCL за регулиране на рН и дезинфектант (Свободен хлор) в басейн | C66: бр. | D66: 1
A67: 12 | B67: Бидон вертикален 500 л. H=1310mm ; D=730mm | C67: бр. | D67: 2
A68: 13 | B68: Помпа потопяема дренажна KONA 750PM [1.0 HP] [0.75 kW] | C68: бр. | D68: 1
B69: [8 m3/h,H=5]
A70: 14 | B70: Кран моторен BELIMO DN40-1 1/2", затваряне с пружина, норм.затворен, 24-230V за доливане на резервоара | C70: бр. | D70: 1
A72: 15 | B72: Редуцир-вентил 1 1/2" | C72: бр | D72: 1
A73: 16 | B73: Кресло масаж вграждане единично, А-316, [120мм] (единично) (бетон) | C73: бр. | D73: 4
A74: 17 | B74: Компресор HSC0210-MA151 1,5 kW, трифазен | C74: бр | D74: 4
A76: 18 | B76: Въздушен филтър (106 - 63 - 150) | C76: бр | D76: 4
A77: 19 | B77: Дюза комбин. MAGNA въртяща двойна [вода ф50 въздух ф32] бял | C77: бр | D77: 17
A78: 20 | B78: Помпа бустерна NADORSELF 300 [~3] [3.0 HP] [2.3 kW] | C78: бр | D78: 2
A79: 21 | B79: Пластмасов специализиран фундамент за монтаж на циркулационни помпи. Размер 395х230х200(h)мм. Включва гумени антивибрационни подложки. | C79: бр | D79: 4
A80: 22 | B80: Решетка смукател инокс AQUATEC [ф 190] | C80: бр | D80: 3
A81: 23 | B81: PVC инсталация – тръби за високо налягане /10 атм./, кранове, фитинги и консумативи. | C81: к-т | D81: 1
A88: Съставил: ……………………..
A89: / инж. Д. Мешков /
A91: Количествена сметка №3
A94: № | B94: Наименование | C94: мярка | D94: К-во
B95: Обща количествена сметка за детски басейн
A98: 1 | B98: Пясъчен филтър DELICA 1000 ( 28 м 3 / час ), с 6-пътен вентил, манометър. | C98: бр. | D98: 1
A99: 2 | B99: Чувал кварцов пясък 0.6 - 0.8 mm | C99: кг | D99: 450
A100: 3 | B100: Помпа SILEN S2 150 с предфилтър Q = 28.00 m3/h ( H = 10 м ) | C100: бр. | D100: 1
A101: 4 | B101: Пластмасов специализиран фундамент за монтаж на | C101: бр. | D101: 1
B102: циркулационни помпи. Размер 395х230х200(h)мм. Включва гумени антивибрационни подложки.
A103: 5 | B103: Дюза дънна FLAT за керамика | C103: бр. | D103: 8
A104: 6 | B104: Подов сифон ф 63 | C104: бр. | D104: 3
A105: 7 | B105: Смукателна дюза за керамика HYDRODIF | C105: бр. | D105: 2
A106: 8 | B106: Електролизатор SMC 30, произв. 30 g/h | C106: бр. | D106: 1
A107: 9 | B107: Система за pH и Redox контрол. Дозаторна помпа, датчик за поток | C107: бр | D107: 1
A108: 10 | B108: Хидроджет JET SWIM 2000 компл. с ниша за бетон | C108: бр. | D108: 1
A109: 11 | B109: Решетка смукател инокс AQUATEC [ф 190] | C109: бр | D109: 2
A110: 12 | B110: Помпа бустерна NADORSELF 200 [~3] [2.0 HP] [1,5 kW] | C110: бр | D110: 1
A111: 13 | B111: Пластмасов специализиран фундамент за монтаж на | C111: бр | D111: 2
B112: циркулационни помпи. Размер 395х230х200(h)мм. Включва гумени антивибрационни подложки.
A113: 14 | B113: Помпа потопяема дренажна KONA 400PM [0.55 HP] [0.4 kW] [4.8 m3/h,H=5] | C113: бр. | D113: 1
A114: 15 | B114: Кран моторен BELIMO DN40-1", затваряне с пружина, норм.затворен, 24-230V за доливане на резервоара | C114: бр. | D114: 1
A116: 16 | B116: Редуцир-вентил 1 1/2" | C116: бр. | D116: 1
A117: 17 | B117: PVC инсталация – тръби за високо налягане /10 атм./, кранове, фитинги и консумативи. | C117: к-т | D117: 1
A133: Съставил: …………………….
A134: / инж. Д. Мешков /

Sheet КС- част ОВК
A1: Възложител: Община Хисаря
A3: ОБЕКТ: Градски минерален и развлекателно рекреационен комплекс, находящ се в УПИ IX-1161, кв. 97 по плана на гр. Хисаря,Община Хисаря, Област Пловдив, ПИ 77270.504.1161 по КККР на гр. Хисаря
B5: КОЛИЧЕСТВЕНА СМЕТКА
A7: част: ОВК
A9: № | B9: ВИДОВЕ СМР | C9: един. мярка | D9: количество общо
B11: ПЛУВЕН БАСЕЙН
A12: 1 | B12: Климатична камера - конструкции от алуминиеви профили и изолирани страници с дебелина 45мм, прахово покритие, включваща термопомпен агрегат, Scroll компресор Copeland с | C12: бр. | D12: 1
B16: 1.Дебит 14500м3/ч
B17: 2. Капацитет на изсушаване 99кг/ч
B18: Нагнетателна част:
B19: * секция смесителна с 3бр ПЖР
B20: * секция филтърна касетъчна с клас на филтрация G3
B21: * Секция рекуператорна с пластинчат рекуператор "въздух-въздух" притежаващ EUROVENT сертификат № 03.01.242 к-т с байпас и кондензна вана
B22: * Сенция топлообменна с изпарител/кондензатор с капацитет на изсушаване 99кг/ч
B23: * секция отоплителна с топлообменник от медни тръби и алуминиеви ламели с Qот=158кВт /вода 80/60оС/
B24: * Секция вентилаторна нагнетателна с дебит V=14500м3/ч, Нсв=400Ра, к-т с центробежен вентилатор с директно куплиран двигател тип Plug fan
B25: 3. Ел. мощност N=65,7 Kw
B26: Смукателна част:
B27: * секция смесителна с ПЖР
... B40: * пуск
A41: 2 | B41: Решетка вентилационна стенна хоризонтална с регулираща секция с р-ри 625х225 | C41: бр | D41: 24
A42: 3 | B42: Решетка вентилационна стенна хоризонтална с регулираща секция с р-ри 1200х250 | C42: бр | D42: 12
A43: 4 | B43: Неподвижна жалузийна решетка НЖР 1500х1000 | C43: бр | D43: 1
A44: 5 | B44: Шапка/зонт/ШП1200/600 | C44: бр | D44: 1
A45: 6 | B45: Мека връзка 1265х515 | C45: бр | D45: 2
A46: 7 | B46: Мека връзка 1180х1205 | C46: бр | D46: 1
A47: 8 | B47: Мека връзка 1265х614 | C47: бр | D47: 1
A48: 9 | B48: Шумозаглушител 1200х800 | C48: бр | D48: 2
A49: 10 | B49: Въздуховоди от поцинкована ламарина правоъгълни прави | C49: м2 | D49: 326
A50: 11 | B50: Въздуховоди от поцинкована ламарина правоъгълни фасонни | C50: м2 | D50: 171
A51: 12 | B51: Spiro въздуховоди ф315 | C51: м | D51: 17
A52: 13 | B52: Spiro въздуховоди ф400 | C52: м | D52: 15
... A86: 47 | B86: Механична наладка и ефективни измервания на климатична инсталация | C86: бр | D86: 1
B88: ЗАЛА ХРАНЕНЕ
A89: 1 | B89: Рекуперативен термопомпен блок | C89: бр | D89: 1
B90: 1.Дебит-2400m3/h
B91: 2.Пълна отоплителна мощност=31,6 kW
B92: 3.Пълна охладителна мощност=19,7 kW
B93: 4,Напор=350Pa
B94: 5,Е=70%
A95: 2 | B95: Решетка вентилационна стенна хоризонтална с регулираща секция с р-ри 425х225 | C95: бр | D95: 6
A96: 3 | B96: Решетка жалузийна неподвижна НЖР 1000х500 | C96: бр | D96: 2
A97: 4 | B97: Филтърна касета тип Универсал | C97: бр | D97: 2
A98: 5 | B98: Вентилатор канален V=700м3/час, H=300Pa | C98: бр | D98: 1
A99: 6 | B99: Мека връзка 600х400 | C99: бр | D99: 4
A100: 7 | B100: Мека връзка ф250 | C100: бр | D100: 2
A101: 8 | B101: Противопожарна клапа 550х300 | C101: бр | D101: 2
A102: 9 | B102: Шумозаглушител канален правоъгълен 600х400 | C102: бр | D102: 2
A103: 10 | B103: Шапка/зонт/ тип ШП 600/300 | C103: бр | D103: 1
A104: 11 | B104: Шумозаглушител канален цилиндричен ф250 L=500мм | C104: бр | D104: 1
A105: 12 | B105: Въздуховоди от поцинкована ламарина правоъгълни прави Р=1200мм | C105: м2 | D105: 17
A106: 13 | B106: Въздуховоди от поцинкована ламарина правоъгълни прави Р=2700мм | C106: м2 | D106: 98
... A121: 28 | B121: Механична наладка и ефективни измервания на инсталация | C121: бр | D121: 1
B123: ТОПЛА КУХНЯ
A124: 1 | B124: Вентилатор канален V=2500м3/час, K=300Pa | C124: бр | D124: 1
A125: 2 | B125: Ел. нагревателна панела.N=6kW | C125: бр | D125: 1
A126: 3 | B126: Филтърна касета тип Универсал | C126: бр | D126: 2
A127: 4 | B127: Вентилатор центробежен ниско налягане V=2600м3/час, H=350Pa | C127: бр | D127: 1
A128: 5 | B128: Смукател кухненски крайстенен-СК-К | C128: бр | D128: 4
A129: 6 | B129: Шумозаглушителна кутия | C129: бр | D129: 1
A130: 7 | B130: Шапка/зонт/ тип ШП400/400 | C130: бр | D130: 1
A131: 8 | B131: Шумозаглушител канален правоъгълен 600х400 | C131: бр | D131: 2
A132: 9 | B132: Мека връзка 400/400 | C132: бр | D132: 2
A133: 10 | B133: Мека връзка 700/400 | C133: бр | D133: 2
A134: 11 | B134: Клапи регулиращи ф160 | C134: бр | D134: 7
A135: 12 | B135: Клапи регулиращи P300/150 | C135: бр | D135: 4
... A159: 36 | B159: Механична наладка и ефективни измервания на климатична инсталация | C159: бр | D159: 2
B161: СЪБЛЕКАЛНЯ ЖЕНИ
A162: 1 | B162: Рекуперативен термопомпен блок | C162: бр | D162: 1
B163: 1.Дебит-2400m3/h
B164: 2.Пълна отоплителна мощност=31,6 kW
B165: 3.Пълна охладителна мощност=19,7 kW
B166: 4,Напор=350Pa
B167: 5,Е=70%
A168: 2 | B168: Решетка вентилационна стенна хоризонтална с регулираща секция с р-ри 425х225 | C168: бр | D168: 12
A169: 3 | B169: Решетка жалузийна неподвижна НЖР 1000х500 | C169: бр | D169: 1
A170: 4 | B170: Филтърна касета тип Универсал | C170: бр | D170: 2
A171: 5 | B171: Мека връзка 600х400 | C171: бр | D171: 4
A172: 6 | B172: Шумозаглушител канален правоъгълен 600х400 | C172: бр | D172: 2
A173: 7 | B173: Шапка/зонт/ тип ШП 500/300 | C173: бр | D173: 1
A174: 8 | B174: Въздуховоди от поцинкована ламарина правоъгълни прави Р=1200мм | C174: м2 | D174: 24
A175: 9 | B175: Въздуховоди от поцинкована ламарина правоъгълни прави Р=2700мм | C175: м2 | D175: 70
A176: 10 | B176: Въздуховоди от поцинкована ламарина правоъгълни фасонни Р=1200мм | C176: м2 | D176: 5
A177: 11 | B177: Въздуховоди от поцинкована ламарина правоъгълни фасонни Р=2700мм | C177: м2 | D177: 24
A178: 12 | B178: Изолация за въздуховоди от микропореста гума 30мм и Al фолио | C178: м2 | D178: 123
A179: 13 | B179: Металоконструкция | C179: кг | D179: 120
... A185: 19 | B185: Механична наладка и ефективни измервания на инсталация | C185: бр | D185: 1
B187: СЪБЛЕКАЛНЯ МЪЖЕ
A188: 1 | B188: Рекуперативен термопомпен блок | C188: бр | D188: 1
B189: 1.Дебит-2400m3/h
B190: 2.Пълна отоплителна мощност=31,6 kW
B191: 3.Пълна охладителна мощност=19,7 kW
B192: 4,Напор=350Pa
B193: 5,Е=70%
A194: 2 | B194: Решетка вентилационна стенна хоризонтална с регулираща секция с р-ри 425х225 | C194: бр | D194: 12
A195: 3 | B195: Решетка жалузийна неподвижна НЖР 1000х500 | C195: бр | D195: 1
A196: 4 | B196: Филтърна касета тип Универсал | C196: бр | D196: 2
A197: 5 | B197: Мека връзка 600х400 | C197: бр | D197: 4
A198: 6 | B198: Шумозаглушител канален правоъгълен 600х400 | C198: бр | D198: 2
A199: 7 | B199: Шапка/зонт/ тип ШП 500/300 | C199: бр | D199: 1
...

Sheet КС - фотоволтаична сист.
A1: Възложител: Община Хисаря
A3: ОБЕКТ: Градски минерален и развлекателно рекреационен комплекс, находящ се в УПИ IX-1161, кв. 97 по плана на гр. Хисаря,Община Хисаря, Област Пловдив, ПИ 77270.504.1161 по КККР на гр. Хисаря
A6: КОЛИЧЕСТВЕНА СМЕТКА
A9: Подобект: Фотоволтаична система
A13: № | B13: Наименование на материала / оборудването | C13: мярка | D13: Количество
A14: I. | B14: Основно оборудване
A15: 1 | B15: Доставка и монтаж на фотоволтаичен панел 540Wp (Monocrystalline) Jinko, Longi, JA Solar | C15: бр. | D15: 168
A16: =A15+1 -> 2 | B16: Доставка и монтаж на мрежов инвертор Huawei SUN2000-50KTL-M3 | C16: бр. | D16: 2
A17: =A16+1 -> 3 | B17: Доставка и монтаж на дата логер / Контролер Huawei SmartLogger 3000A | C17: бр. | D17: 1
A18: =A17+1 -> 4 | B18: Доставка и монтаж на смарт трифазен електромер Huawei DTSU666-H . В комплект с токови трансформатори (CT) 250A | C18: бр. | D18: 1
A19: II. | B19: Кабелни изделия и връзки
A20: 1 | B20: Доставка и изтегляне на соларен кабел 6 mm² – Червен (Плюс)- UV и термоустойчив за външен монтаж | C20: м | D20: 500
A21: =A20+1 -> 2 | B21: Доставка и изтегляне на соларен кабел 6 mm² – Черен (Минус)-UV и термоустойчив за външен монтаж | C21: м | D21: 500
A22: =A21+1 -> 3 | B22: Доставка и и изтегляне на силов меден кабел CBT-c (NYY) 5x35 mm²-За AC връзка от инверторите до ГРТ | C22: м | D22: 110
A23: =A22+1 -> 4 | B23: Доставка и и изтегляне на комуникационен кабел FTP Cat6 (или LiYCY 2x2x0.75)-За RS485 връзка инвертори - SmartLogger - Метер | C23: м | D23: 60
A24: =A23+1 -> 5 | B24: Доставка и изтегляне на заземителен меден проводник H07V-K 16 mm² (жълто-зелен)-За допълнително локално заземяване на инверторите | C24: м | D24: 20
A25: =A24+1 -> 6 | B25: Доставка и монтаж на соларни конектори MC4 (комплект мъжки + женски)-За кримпване на стринговете към инверторите (+резерва) | C25: чифт | D25: 30
A26: III. | B26: Електроапаратура и Табла (в ГРТ)
A27: 1 | B27: Доставка и монтаж на автоматичен прекъсвач 3P 100A, Крива C (10kA)-За защита на AC линията на всеки инвертор | C27: бр. | D27: 2
A28: 2 | B28: Доставка и монтаж на автоматичен прекъсвач NSX 3P 250A | C28: бр. | D28: 2
A29: 3 | B29: Доставка и монтаж на клеморед, шини и аксесоари за монтаж в ГРТ | C29: к-т | D29: 1
A30: IV. | B30: Тръбни трасета, крепежи и маркировка
A31: 1 | B31: Доставка и монтаж перфорирана кабелна скара горещопоцинкована СП 3000/60мм | C31: м | D31: 50
A32: =A31+1 -> 2 | B32: Доставка и монтаж на гофрирана тръба със защита от UV лъчи Ф32 -За защита на соларните кабели по покрив/стена | C32: м | D32: 250
A33: =A32+1 -> 3 | B33: Доставка и монтаж на твърда ПВЦ тръба (сива, UV защитена) Ф50/Ф63-За полагане на AC кабелите 5х35 по фасадата/стената | C33: м | D33: 60
A34: =A33+1 -> 4 | B34: Направа на суха разделка на силов кабел за сечение до 5х35мм2 | C34: бр. | D34: 4
A35: =A34+1 -> 5 | B35: Свързване на проводник към съоръжение дo 35мм2 | C35: бр. | D35: 10
A36: =A35+1 -> 6 | B36: Доставка и монтаж на скоби, крепежи и дюбели за тръбни трасета-За фиксиране на тръбите по термопанел | C36: к-кт | D36: 1
A37: =A36+1 -> 7 | B37: Доставка и монтаж на кабелни превръзки (свински опашки) - UV защитени (черни)-За привързване на кабелите под конструкцията на покрива | C37: бр. | D37: 500
A38: =A37+1 -> 8 | B38: Прозвъняване и подсъединяване жилата на соларни кабели за сечение до 6мм2 | C38: бр. | D38: 24
A39: =A38+1 -> 9 | B39: Доставка и монтаж на кабелни маркери (ПВЦ клипси с цифри/букви)-За етикетиране на стринговете | C39: к-кт | D39: 1
A40: IV. | B40: Заземителна инсталация
A41: 1 | B41: Доставка и монтаж на заземително въже AlMgSi ф8мм откритос крепежни елементи по покривна конструкция | C41: м | D41: 110
A42: 2 | B42: Направа на заземление с 2 броя зазем. колове 63/63/6 мм, L=1,54м за конструкцията на покривна соларна система | C42: бр. | D42: 2
A43: 3 | B43: Направа на заземление с 2 броя зазем. колове 63/63/6 мм, L=1,54м за соларни инвертори | C43: бр. | D43: 2
A44: V. | B44: Контролни измервания
A45: 1 | B45: Контролнии измервания на заземление | C45: бр. | D45: 3
A46: =A45+1 -> 2 | B46: Проверка изолацията на кабели с повишено напрежение посредством мегер | C46: бр. | D46: 28
A47: =A46+1 -> 3 | B47: Функционален пуск и настройка на системата | C47: чч | D47: 48
A48: =A47+1 -> 4 | B48: 72-часови проби на соларната инсталация | C48: чч | D48: 72
B51: септември 2026г. Проектант:
C52: /инж. Ат. Костадинов/

Sheet КС-паркоустр.и благоустройстр.
A1: Възложител: Община Хисаря
A3: ОБЕКТ: Градски минерален и развлекателно рекреационен комплекс, находящ се в УПИ IX-1161, кв. 97 по плана на гр. Хисаря,Община Хисаря, Област Пловдив, ПИ 77270.504.1161 по КККР на гр. Хисаря
A6: КОЛИЧЕСТВЕНА СМЕТКА
A8: ЧАСТ: ПАРКОУСТРОЙСТВО И БЛАГОУСТРОЙСТВО
A11: № | B11: СМР | C11: ед. мярка | D11: количество
B12: НАСТИЛКИ И СЪОРЪЖЕНИЯ
A13: 1 | B13: Подготовка на земната основа за настилки (подравняване и уплътняване) | C13: м2 | D13: 3235
A14: 2 | B14: Доставка на материали и полагане на основа от трошен камък с уплътняване | C14: м2 | D14: 3235
A15: 3 | B15: Доставка на материали и изграждане на декоративни пешеходни настилки | C15: м2 | D15: 1875
A16: 4 | B16: Доставка на материали и изграждане на тротоарни настилки | C16: м2 | D16: 280
A17: 5 | B17: Доставка на материали и изграждане на настилки на тревна фуга | C17: м2 | D17: 560
A18: 6 | B18: Доставка на материали и изграждане на усилени автомобилни настилки | C18: м2 | D18: 500
A19: 7 | B19: Доставка и монтаж на градински бордюри на бетонова основа | C19: м' | D19: 496
A20: 8 | B20: Доставка и монтаж на пътни бордюри на бетонова основа | C20: м' | D20: 88.4
A21: 9 | B21: Доставка на материали и изграждане на ударопоглъщащи настилки | C21: м2 | D21: 87
A22: 10 | B22: Доставка и монтаж на съоръжения за детска площадка | C22: бр. | D22: 1
A23: 11 | B23: Изграждане на волейболно игрище | C23: м2 | D23: 220
A24: 12 | B24: Изграждане на плувни басейни | C24: м2 | D24: 704
B25: СЪЩЕСТВУВАЩА РАСТИТЕЛНОСТ
A26: 13 | B26: Санитарни и оформящи резитби на съществуващи дървета (повдигане и оформяне на корони) | C26: бр. | D26: 20
A27: 14 | B27: Подмладителни резитби на съществуваща дървесна и храстова растителност | C27: бр. | D27: 8
A28: 15 | B28: Отсичане и премахване на дървета в лошо санитарно състояние с автовишка | C28: бр. | D28: 20
A29: 16 | B29: Събиране, временно складиране и изнасяне на растителните отпадъци от резитби и отсичане | C29: бр. | D29: 1
A30: 17 | B30: Транспорт и депониране на растителни отпадъци до депо за биоразградими отпадъци | C30: бр. | D30: 1
B31: ПОЧВОПОДГОТОВКА, ДЕЙНОСТИ ПО ОЗЕЛЕНЯВАНЕТО
A32: 18 | B32: Фино планиране и почистване на терена от плевели и камъни | C32: м2 | D32: 2380
A33: 19 | B33: Доставка на хумусна почва d=10 см | C33: куб.м | D33: 238
A34: 20 | B34: Разстилане на хумусна почва – механизирано | C34: куб.м | D34: 190.4
A35: 21 | B35: Разстилане на хумусна почва – ръчно (в труднодостъпни зони) | C35: куб.м | D35: 47.6
A36: 22 | B36: Затревяване (доставка на тревна смеска, засяване, валиране и първоначално поливане) | C36: м2 | D36: 2380
A37: 23 | B37: Засаждане на широколистна дървесна растителност | C37: бр. | D37: 74
A38: 24 | B38: Засаждане на иглолистна дървесна растителност | C38: бр. | D38: 13
A39: 25 | B39: Засаждане на храсти, треви и цветя | C39: бр. | D39: 1130
A40: 26 | B40: Укрепване на дървесна растителност | C40: бр. | D40: 87
A41: 27 | B41: Доставка и полагане на борови кори (мулч) под жив плет, Н=4 см | C41: куб.м | D41: 4.5
A42: 28 | B42: Изграждане на автоматизирана поливна система (АПС) | C42: компл. | D42: 1
B43: ДЕКОРАТИВНА РАСТИТЕЛНОСТ (ДОСТАВКА)
A44: 29 | B44: Cupressocyparis leylandii (лейланд), 100/120 см | C44: бр. | D44: 2
A45: 30 | B45: Pinus pinea (пиния), 180/220 см | C45: бр. | D45: 11
A46: 31 | B46: Albizia julibrissin "Summer chocolate" (шоколадова албиция), 180/220 см | C46: бр. | D46: 3
A47: 32 | B47: Acer platanoides "Globosum" (кълбовиден шестил) 300/350 см | C47: бр. | D47: 14
A48: 33 | B48: Acer platanoides "Crimson's king" (червенолистен явор) 200/250 см | C48: бр. | D48: 4
A49: 34 | B49: Carpinus betulus "Fastigiata" (Колоновиден габър), 250/300 см | C49: бр. | D49: 8
A50: 35 | B50: Catalpa bignoides "Nana" (кълбовидна каталпа) 180/220 см | C50: бр. | D50: 7
A51: 36 | B51: Fraxinus ornus "Meczek" (Кълбовиден ясен), 200/250 см. | C51: бр. | D51: 7
A52: 37 | B52: Liriodendron tulipifera (лирово дърво) 200/250 см | C52: бр. | D52: 21
A53: 38 | B53: Magnolia stelata (звездовидна магнолия), 120/150 см | C53: бр. | D53: 1
A54: 39 | B54: Lagerstroemia indica (индийски люляк), со 5l, 40/60 см | C54: бр. | D54: 2
A55: 40 | B55: Prunus cerasifera Nigra (червенолистна слива), 180-220 см | C55: бр. | D55: 4
... A57: 42 | B57: Ligustrum ovalifolium (лигуструм) | C57: бр. | D57: 1130
